origin,ds,h,y,yhat,yhat_lower,yhat_upper,concurrency,target_c2,target_c3,target_actual_rate
2026-10-06 18:29:00,2026-10-06 18:38:00,10,19357.0,19044.82554630901,18480.917620997272,19639.599809110234,20.0,24,24,24
2026-10-06 18:30:00,2026-10-06 18:39:00,10,17777.0,18497.197053666976,17874.55366568163,19098.82279330352,20.0,23,24,22
2026-10-06 18:31:00,2026-10-06 18:40:00,10,17278.0,17757.3196975242,17120.521755208207,18323.07587306559,20.0,22,23,22
2026-10-06 18:32:00,2026-10-06 18:41:00,10,16227.0,16641.56379816402,16036.217933912936,17244.65545551482,18.0,21,22,21
2026-10-06 18:33:00,2026-10-06 18:42:00,10,14905.0,14883.920029123092,14039.312917740452,15824.149882081369,19.0,20,21,20
2026-10-06 18:34:00,2026-10-06 18:43:00,10,13593.0,13492.2020505607,12605.582535220508,14418.261375616765,16.0,18,19,19
2026-10-06 18:35:00,2026-10-06 18:44:00,10,11974.0,12030.42600698369,11039.005811028652,12942.743551236244,15.0,17,18,17
2026-10-06 18:36:00,2026-10-06 18:45:00,10,10420.0,10589.975759852545,9610.448758460414,11458.746413485263,14.0,16,17,16
2026-10-06 18:37:00,2026-10-06 18:46:00,10,9125.0,9192.418392115189,8266.353896850285,10057.50674945539,12.0,15,15,14
2026-10-06 18:38:00,2026-10-06 18:47:00,10,7853.0,7938.946793247941,6988.21823551544,8944.380504247283,10.0,13,14,13
2026-10-06 18:39:00,2026-10-06 18:48:00,10,6814.0,6893.849572235228,5884.190631267189,7860.961232066753,9.0,12,13,12
2026-10-06 18:40:00,2026-10-06 18:49:00,10,6046.0,6080.8663156502425,5108.635310201212,7040.6898313712345,9.0,12,13,12
2026-10-06 18:41:00,2026-10-06 18:50:00,10,5385.0,5579.229846756882,4626.320518220295,6491.216520363922,8.0,11,12,11
2026-10-06 18:42:00,2026-10-06 18:51:00,10,5408.0,5501.588008800277,4550.966879754967,6444.433434354429,8.0,11,12,11
2026-10-06 18:43:00,2026-10-06 18:52:00,10,5611.0,5760.496100999208,4837.845126939499,6720.6840995880675,7.0,11,12,11
2026-10-06 18:44:00,2026-10-06 18:53:00,10,6270.0,6344.545464090698,5423.172339529917,7240.1231721467,8.0,12,13,12
2026-10-06 18:45:00,2026-10-06 18:54:00,10,7027.0,7149.989346475809,6199.524524165381,7999.256492687908,10.0,13,13,13
2026-10-06 18:46:00,2026-10-06 18:55:00,10,8119.0,8160.466527777307,7239.904680215319,9063.248072401202,11.0,14,14,14
2026-10-06 18:47:00,2026-10-06 18:56:00,10,9359.0,9338.5953866081,8383.67886086823,10304.792499397185,13.0,15,16,15
2026-10-06 18:48:00,2026-10-06 18:57:00,10,10923.0,10647.431613267185,9726.114016590278,11609.86481524727,15.0,16,17,16
