origin,ds,h,y,yhat,yhat_lower,yhat_upper
2026-10-06 18:29:00,2026-10-06 18:29:00,1,13960.0,13514.884757123617,12919.739535793819,14074.755281310998
2026-10-06 18:29:00,2026-10-06 18:30:00,2,15230.0,15073.815615207892,14447.48279034433,15653.074556654357
2026-10-06 18:29:00,2026-10-06 18:31:00,3,16497.0,16517.8305127353,15895.576076810512,17102.014203106864
2026-10-06 18:29:00,2026-10-06 18:32:00,4,14679.0,17751.94734423696,17179.75005796859,18354.5829125327
2026-10-06 18:29:00,2026-10-06 18:33:00,5,18110.0,18705.65522224907,18129.57372450186,19320.577775885293
2026-10-06 18:29:00,2026-10-06 18:34:00,6,19341.0,19343.6457100726,18763.4736158333,19986.48481605193
2026-10-06 18:29:00,2026-10-06 18:35:00,7,19826.0,19666.324135760464,19061.16487553846,20258.391415385082
2026-10-06 18:29:00,2026-10-06 18:36:00,8,20029.0,19700.271483224482,19144.882919008072,20277.293710554168
2026-10-06 18:29:00,2026-10-06 18:37:00,9,19786.0,19482.529513344525,18876.995378524483,20117.89869321087
2026-10-06 18:29:00,2026-10-06 18:38:00,10,19357.0,19044.82554630901,18480.917620997272,19639.599809110234
2026-10-06 18:30:00,2026-10-06 18:30:00,1,15230.0,15138.751680705554,14489.26049569848,15753.262428967939
2026-10-06 18:30:00,2026-10-06 18:31:00,2,16497.0,16601.668281151262,16001.837272698833,17173.036477936843
2026-10-06 18:30:00,2026-10-06 18:32:00,3,14679.0,17850.83966934448,17260.330819353585,18464.325368277292
2026-10-06 18:30:00,2026-10-06 18:33:00,4,18110.0,18813.542706769244,18204.63929529976,19375.738760938217
2026-10-06 18:30:00,2026-10-06 18:34:00,5,19341.0,19454.01110546202,18873.354385700015,20055.135475711228
2026-10-06 18:30:00,2026-10-06 18:35:00,6,19826.0,19773.95755686095,19152.092278542277,20373.800656992782
2026-10-06 18:30:00,2026-10-06 18:36:00,7,20029.0,19802.46715291427,19207.97322854527,20456.47199299388
2026-10-06 18:30:00,2026-10-06 18:37:00,8,19786.0,19579.356285672176,18993.777076160226,20128.408753184736
2026-10-06 18:30:00,2026-10-06 18:38:00,9,19357.0,19138.456107620903,18521.96850803194,19711.261602302224
2026-10-06 18:30:00,2026-10-06 18:39:00,10,17777.0,18497.197053666976,17874.55366568163,19098.82279330352
2026-10-06 18:31:00,2026-10-06 18:31:00,1,16497.0,16624.142545677034,16024.499182165933,17220.652372682212
2026-10-06 18:31:00,2026-10-06 18:32:00,2,14679.0,17892.565649363773,17340.07951803092,18460.939225406568
2026-10-06 18:31:00,2026-10-06 18:33:00,3,18110.0,18875.121336121614,18268.104125054146,19470.405173518004
2026-10-06 18:31:00,2026-10-06 18:34:00,4,19341.0,19532.628676904547,18970.036044821045,20159.90155000118
2026-10-06 18:31:00,2026-10-06 18:35:00,5,19826.0,19864.463457387952,19256.42984923818,20443.370369581196
2026-10-06 18:31:00,2026-10-06 18:36:00,6,20029.0,19899.126375187494,19336.714464711786,20499.976551924792
2026-10-06 18:31:00,2026-10-06 18:37:00,7,19786.0,19677.652985075452,19082.83279011595,20315.691437363475
2026-10-06 18:31:00,2026-10-06 18:38:00,8,19357.0,19236.32551107379,18636.944758815283,19829.056674355114
2026-10-06 18:31:00,2026-10-06 18:39:00,9,17777.0,18595.290495343554,18010.569665928542,19204.26073338246
2026-10-06 18:31:00,2026-10-06 18:40:00,10,17278.0,17757.3196975242,17120.521755208207,18323.07587306559
2026-10-06 18:32:00,2026-10-06 18:32:00,1,14679.0,17853.322961476195,17264.166259862268,18456.642877298
2026-10-06 18:32:00,2026-10-06 18:33:00,2,18110.0,18836.602750673308,18240.29006894828,19374.93117303456
2026-10-06 18:32:00,2026-10-06 18:34:00,3,19341.0,19494.904564300865,18920.197314380388,20084.801180098744
2026-10-06 18:32:00,2026-10-06 18:35:00,4,19826.0,19826.372438853403,19206.406898680594,20433.761410417304
2026-10-06 18:32:00,2026-10-06 18:36:00,5,20029.0,19858.60510132248,19226.99542684993,20448.645968273584
2026-10-06 18:32:00,2026-10-06 18:37:00,6,19786.0,19632.336820259214,19009.326619310326,20193.745851817963
2026-10-06 18:32:00,2026-10-06 18:38:00,7,19357.0,19184.20976534859,18592.45438229958,19774.743365682098
2026-10-06 18:32:00,2026-10-06 18:39:00,8,17777.0,18535.228942209207,17913.886243261997,19133.969858776403
2026-10-06 18:32:00,2026-10-06 18:40:00,9,17278.0,17689.20497191236,17099.238260395687,18330.850693252385
2026-10-06 18:32:00,2026-10-06 18:41:00,10,16227.0,16641.56379816402,16036.217933912936,17244.65545551482
2026-10-06 18:33:00,2026-10-06 18:33:00,1,18110.0,18172.97081755988,17195.11938993477,19076.21158817012
2026-10-06 18:33:00,2026-10-06 18:34:00,2,19341.0,18872.95506861033,17905.202767035797,19827.7060894977
2026-10-06 18:33:00,2026-10-06 18:35:00,3,19826.0,19284.45152511753,18370.624178338934,20240.316657108786
2026-10-06 18:33:00,2026-10-06 18:36:00,4,20029.0,19405.768055301993,18428.42342765738,20372.657598325815
2026-10-06 18:33:00,2026-10-06 18:37:00,5,19786.0,19248.603114957048,18279.61116752348,20122.52477973329
2026-10-06 18:33:00,2026-10-06 18:38:00,6,19357.0,18830.35486810738,17830.683823677995,19772.195110478762
2026-10-06 18:33:00,2026-10-06 18:39:00,7,17777.0,18168.20459844473,17182.770057422953,19159.906702585235
2026-10-06 18:33:00,2026-10-06 18:40:00,8,17278.0,17277.40784066014,16330.438620666639,18165.877442473957
2026-10-06 18:33:00,2026-10-06 18:41:00,9,16227.0,16174.481165101204,15204.039376161973,17127.74022614597
2026-10-06 18:33:00,2026-10-06 18:42:00,10,14905.0,14883.920029123092,14039.312917740452,15824.149882081369
2026-10-06 18:34:00,2026-10-06 18:34:00,1,19341.0,18850.511298850597,17971.85044999419,19744.61052803333
2026-10-06 18:34:00,2026-10-06 18:35:00,2,19826.0,19287.06674401357,18352.944972386173,20220.38841643568
2026-10-06 18:34:00,2026-10-06 18:36:00,3,20029.0,19436.984539803187,18530.74996379936,20377.100805426104
2026-10-06 18:34:00,2026-10-06 18:37:00,4,19786.0,19304.995346840184,18325.331001442555,20145.453340216867
2026-10-06 18:34:00,2026-10-06 18:38:00,5,19357.0,18903.027191745285,17972.392784623607,19851.17322196744
2026-10-06 18:34:00,2026-10-06 18:39:00,6,17777.0,18245.966720825796,17405.899573237224,19149.908836102524
2026-10-06 18:34:00,2026-10-06 18:40:00,7,17278.0,17350.464202161038,16415.826079647926,18266.321679085795
2026-10-06 18:34:00,2026-10-06 18:41:00,8,16227.0,16237.326624097665,15358.720867156298,17155.3113999455
2026-10-06 18:34:00,2026-10-06 18:42:00,9,14905.0,14936.472560482076,13932.46105141351,15924.733082742881
2026-10-06 18:34:00,2026-10-06 18:43:00,10,13593.0,13492.2020505607,12605.582535220507,14418.261375616763
2026-10-06 18:35:00,2026-10-06 18:35:00,1,19826.0,19360.1731111093,18408.117885951044,20308.02294148284
2026-10-06 18:35:00,2026-10-06 18:36:00,2,20029.0,19511.945761130017,18512.89010464159,20456.28399285871
2026-10-06 18:35:00,2026-10-06 18:37:00,3,19786.0,19377.27133908289,18428.4705416041,20292.567103344463
2026-10-06 18:35:00,2026-10-06 18:38:00,4,19357.0,18969.917652160722,18002.62230216508,19961.589463854172
2026-10-06 18:35:00,2026-10-06 18:39:00,5,17777.0,18307.144266029467,17395.56889268216,19211.866791177315
2026-10-06 18:35:00,2026-10-06 18:40:00,6,17278.0,17407.683095670745,16514.514752488216,18317.05680410642
2026-10-06 18:35:00,2026-10-06 18:41:00,7,16227.0,16293.462819641207,15355.463733487599,17176.831397003767
2026-10-06 18:35:00,2026-10-06 18:42:00,8,14905.0,14994.283581962207,14086.23377959946,15873.055463603923
2026-10-06 18:35:00,2026-10-06 18:43:00,9,13593.0,13553.277078641986,12623.763151727922,14464.018367816228
2026-10-06 18:35:00,2026-10-06 18:44:00,10,11974.0,12030.42600698369,11039.005811028652,12942.743551236244
2026-10-06 18:36:00,2026-10-06 18:36:00,1,20029.0,19577.938296792723,18658.85274957624,20538.197719347918
2026-10-06 18:36:00,2026-10-06 18:37:00,2,19786.0,19456.715451608026,18511.09523005914,20421.763924688712
2026-10-06 18:36:00,2026-10-06 18:38:00,3,19357.0,19059.772558215493,18115.73086796331,19979.8873174717
2026-10-06 18:36:00,2026-10-06 18:39:00,4,17777.0,18403.03814205786,17515.186937006416,19354.428411021854
2026-10-06 18:36:00,2026-10-06 18:40:00,5,17278.0,17505.152726211505,16590.035935860138,18464.542287778928
2026-10-06 18:36:00,2026-10-06 18:41:00,6,16227.0,16389.122754424596,15442.362871801353,17241.554874379653
2026-10-06 18:36:00,2026-10-06 18:42:00,7,14905.0,15086.546759545821,14127.838930638889,16027.643765821813
2026-10-06 18:36:00,2026-10-06 18:43:00,8,13593.0,13642.421306719047,12722.762279823015,14541.950921125086
2026-10-06 18:36:00,2026-10-06 18:44:00,9,11974.0,12118.040897877043,11239.475001186152,13080.686802037882
2026-10-06 18:36:00,2026-10-06 18:45:00,10,10420.0,10589.975759852545,9610.448758460414,11458.746413485265
2026-10-06 18:37:00,2026-10-06 18:37:00,1,19786.0,19533.710718852246,18622.869950954402,20477.985139030487
2026-10-06 18:37:00,2026-10-06 18:38:00,2,19357.0,19131.1514105674,18223.378065981768,20060.869869851376
2026-10-06 18:37:00,2026-10-06 18:39:00,3,17777.0,18463.282455346387,17587.736997190445,19427.526500445103
2026-10-06 18:37:00,2026-10-06 18:40:00,4,17278.0,17552.625588577503,16659.925812974285,18625.861487753227
2026-10-06 18:37:00,2026-10-06 18:41:00,5,16227.0,16426.150788828527,15490.687409147542,17352.910509248435
2026-10-06 18:37:00,2026-10-06 18:42:00,6,14905.0,15118.190890562351,14229.964170119007,16067.738587768084
2026-10-06 18:37:00,2026-10-06 18:43:00,7,13593.0,13674.434672952215,12752.302862886809,14599.908095137975
2026-10-06 18:37:00,2026-10-06 18:44:00,8,11974.0,12154.785150646892,11210.770804154603,13097.33653914202
2026-10-06 18:37:00,2026-10-06 18:45:00,9,10420.0,10633.047663210033,9729.021189456287,11536.534965954108
2026-10-06 18:37:00,2026-10-06 18:46:00,10,9125.0,9192.418392115189,8266.353896850285,10057.50674945539
2026-10-06 18:38:00,2026-10-06 18:38:00,1,19357.0,19170.76585189031,18200.083922512466,20103.279804981474
2026-10-06 18:38:00,2026-10-06 18:39:00,2,17777.0,18499.52477801334,17468.25073664895,19445.603441360236
2026-10-06 18:38:00,2026-10-06 18:40:00,3,17278.0,17582.40888630078,16619.54743831827,18504.004057511254
2026-10-06 18:38:00,2026-10-06 18:41:00,4,16227.0,16448.579022106285,15507.583231189257,17361.96154787877
2026-10-06 18:38:00,2026-10-06 18:42:00,5,14905.0,15134.592387733925,14230.834980647523,16149.14645231041
2026-10-06 18:38:00,2026-10-06 18:43:00,6,13593.0,13687.662104311166,12749.524974687498,14641.492294302927
2026-10-06 18:38:00,2026-10-06 18:44:00,7,11974.0,12168.06539969909,11212.353651462845,13079.922584964766
2026-10-06 18:38:00,2026-10-06 18:45:00,8,10420.0,10648.815586371104,9701.613634955289,11615.674896283508
2026-10-06 18:38:00,2026-10-06 18:46:00,9,9125.0,9211.554864459025,8292.031515212733,10146.541174594373
2026-10-06 18:38:00,2026-10-06 18:47:00,10,7853.0,7938.946793247941,6988.21823551544,8944.380504247283
2026-10-06 18:39:00,2026-10-06 18:39:00,1,17777.0,18539.986193258785,17604.302359676913,19516.114396088036
2026-10-06 18:39:00,2026-10-06 18:40:00,2,17278.0,17605.253285922852,16774.703797926686,18529.540834508156
2026-10-06 18:39:00,2026-10-06 18:41:00,3,16227.0,16449.98918177738,15528.85008717988,17412.19048530502
2026-10-06 18:39:00,2026-10-06 18:42:00,4,14905.0,15116.320803788958,14242.348790717078,16078.65742194527
2026-10-06 18:39:00,2026-10-06 18:43:00,5,13593.0,13656.08917833981,12748.835030676173,14638.889041335719
2026-10-06 18:39:00,2026-10-06 18:44:00,6,11974.0,12131.810819206867,11252.342338311108,13104.032332035304
2026-10-06 18:39:00,2026-10-06 18:45:00,7,10420.0,10615.79190424264,9773.316242525278,11523.071199605354
2026-10-06 18:39:00,2026-10-06 18:46:00,8,9125.0,9186.520841422995,8243.062187427786,10127.33117884541
2026-10-06 18:39:00,2026-10-06 18:47:00,9,7853.0,7922.394762721938,6953.387351808722,8811.6384933686
2026-10-06 18:39:00,2026-10-06 18:48:00,10,6814.0,6893.849572235228,5884.190631267189,7860.961232066753
2026-10-06 18:40:00,2026-10-06 18:40:00,1,17278.0,17482.654896700944,16506.48646587448,18428.176173987653
2026-10-06 18:40:00,2026-10-06 18:41:00,2,16227.0,16336.701537596284,15389.124278463732,17287.86428471178
2026-10-06 18:40:00,2026-10-06 18:42:00,3,14905.0,15021.003679667689,13991.32093249269,15996.22079731203
2026-10-06 18:40:00,2026-10-06 18:43:00,4,13593.0,13581.237194559664,12693.774704498084,14510.98869820098
2026-10-06 18:40:00,2026-10-06 18:44:00,5,11974.0,12073.657004230132,11111.190236862161,13031.754970389955
2026-10-06 18:40:00,2026-10-06 18:45:00,6,10420.0,10566.277731854852,9602.626203914702,11574.291830429209
2026-10-06 18:40:00,2026-10-06 18:46:00,7,9125.0,9136.535668350463,8180.513863519857,10121.262228129948
2026-10-06 18:40:00,2026-10-06 18:47:00,8,7853.0,7865.062784560303,6859.906362410359,8774.042422440782
2026-10-06 18:40:00,2026-10-06 18:48:00,9,6814.0,6826.679755803087,5889.87419191315,7858.863368264331
2026-10-06 18:40:00,2026-10-06 18:49:00,10,6046.0,6080.8663156502425,5108.635310201212,7040.6898313712345
2026-10-06 18:41:00,2026-10-06 18:41:00,1,16227.0,16313.935599694394,15436.326581322353,17245.1384100436
2026-10-06 18:41:00,2026-10-06 18:42:00,2,14905.0,14972.214798985471,14053.280186477758,15916.343865144594
2026-10-06 18:41:00,2026-10-06 18:43:00,3,13593.0,13505.768277231102,12541.253993948445,14400.713502329838
2026-10-06 18:41:00,2026-10-06 18:44:00,4,11974.0,11976.62313630013,11052.33641299265,12916.657900926271
2026-10-06 18:41:00,2026-10-06 18:45:00,5,10420.0,10456.740160362477,9508.221272581377,11367.552210863849
2026-10-06 18:41:00,2026-10-06 18:46:00,6,9125.0,9024.52616920097,8143.781786554092,9931.157148324457
2026-10-06 18:41:00,2026-10-06 18:47:00,7,7853.0,7758.518190466013,6849.620348361579,8706.54390241571
2026-10-06 18:41:00,2026-10-06 18:48:00,8,6814.0,6729.342557871358,5758.765303947838,7622.33717361574
2026-10-06 18:41:00,2026-10-06 18:49:00,9,6046.0,5991.819190453873,5022.173444215411,7004.2167441738175
2026-10-06 18:41:00,2026-10-06 18:50:00,10,5385.0,5579.229846756882,4626.320518220295,6491.216520363922
2026-10-06 18:42:00,2026-10-06 18:42:00,1,14905.0,14956.574755051517,14072.784044603864,15974.498908426493
2026-10-06 18:42:00,2026-10-06 18:43:00,2,13593.0,13494.874733321407,12503.014409069063,14478.65552161827
2026-10-06 18:42:00,2026-10-06 18:44:00,3,11974.0,11971.91316151623,10983.285731773482,12922.207024385598
2026-10-06 18:42:00,2026-10-06 18:45:00,4,10420.0,10457.989608686212,9499.02608200807,11392.840552600903
2026-10-06 18:42:00,2026-10-06 18:46:00,5,9125.0,9030.051299196022,8153.895631329054,9971.077624394553
2026-10-06 18:42:00,2026-10-06 18:47:00,6,7853.0,7765.838407532945,6913.519102169375,8732.815764210543
2026-10-06 18:42:00,2026-10-06 18:48:00,7,6814.0,6736.053573495466,5811.744219192108,7719.528617169355
2026-10-06 18:42:00,2026-10-06 18:49:00,8,6046.0,5996.359595055224,5094.563374098549,6914.811757697433
2026-10-06 18:42:00,2026-10-06 18:50:00,9,5385.0,5581.275863025871,4681.357247824152,6491.779773653809
2026-10-06 18:42:00,2026-10-06 18:51:00,10,5408.0,5501.588008800277,4550.966879754967,6444.433434354429
2026-10-06 18:43:00,2026-10-06 18:43:00,1,13593.0,13479.064506760693,12576.894092602939,14425.43566464585
2026-10-06 18:43:00,2026-10-06 18:44:00,2,11974.0,11967.192882617663,11082.110191677208,12934.847107837903
2026-10-06 18:43:00,2026-10-06 18:45:00,3,10420.0,10466.234039267441,9571.867191173333,11443.37620689243
2026-10-06 18:43:00,2026-10-06 18:46:00,4,9125.0,9049.845039340904,8124.279835298688,9954.687932290179
2026-10-06 18:43:00,2026-10-06 18:47:00,5,7853.0,7793.137796257417,6895.722318404175,8749.28130154108
2026-10-06 18:43:00,2026-10-06 18:48:00,6,6814.0,6765.663382414185,5877.172237591417,7649.282045703486
2026-10-06 18:43:00,2026-10-06 18:49:00,7,6046.0,6023.679989464266,5024.866614356902,6956.53903677988
2026-10-06 18:43:00,2026-10-06 18:50:00,8,5385.0,5603.697129146842,4632.081494660268,6510.1981598118755
2026-10-06 18:43:00,2026-10-06 18:51:00,9,5408.0,5519.062443136412,4633.165213807406,6453.930840573041
2026-10-06 18:43:00,2026-10-06 18:52:00,10,5611.0,5760.496100999208,4837.845126939499,6720.6840995880675
2026-10-06 18:44:00,2026-10-06 18:44:00,1,11974.0,11977.849556877118,11095.27710425084,12881.355014816301
2026-10-06 18:44:00,2026-10-06 18:45:00,2,10420.0,10490.648930038156,9505.800207282602,11410.99017417203
2026-10-06 18:44:00,2026-10-06 18:46:00,3,9125.0,9088.492793772139,8173.9969885265755,10031.904298957248
2026-10-06 18:44:00,2026-10-06 18:47:00,4,7853.0,7843.389200424352,6879.906343448553,8814.256439924375
2026-10-06 18:44:00,2026-10-06 18:48:00,5,6814.0,6822.735615442775,5893.459861730441,7779.870644407388
2026-10-06 18:44:00,2026-10-06 18:49:00,6,6046.0,6082.217759307256,5158.62566585416,7034.743567756055
2026-10-06 18:44:00,2026-10-06 18:50:00,7,5385.0,5659.420140896243,4704.698604293836,6545.185905298857
2026-10-06 18:44:00,2026-10-06 18:51:00,8,5408.0,5569.910143937889,4564.861888493135,6563.142151027072
2026-10-06 18:44:00,2026-10-06 18:52:00,9,5611.0,5806.903458030648,4898.4104532417305,6674.2465629310655
2026-10-06 18:44:00,2026-10-06 18:53:00,10,6270.0,6344.545464090698,5423.172339529917,7240.1231721467
2026-10-06 18:45:00,2026-10-06 18:45:00,1,10420.0,10490.606378807948,9616.214540083358,11466.24329350704
2026-10-06 18:45:00,2026-10-06 18:46:00,2,9125.0,9090.76107704244,8201.164677506882,9962.828573889947
2026-10-06 18:45:00,2026-10-06 18:47:00,3,7853.0,7848.3011210966215,6923.946793348223,8741.148294281522
2026-10-06 18:45:00,2026-10-06 18:48:00,4,6814.0,6829.941653082705,5868.459825468379,7782.780092318035
2026-10-06 18:45:00,2026-10-06 18:49:00,5,6046.0,6090.8495309599675,5143.732713858544,7000.872022728791
2026-10-06 18:45:00,2026-10-06 18:50:00,6,5385.0,5668.414153823759,4706.145479837215,6576.423451255618
2026-10-06 18:45:00,2026-10-06 18:51:00,7,5408.0,5578.3729596286985,4629.255024167293,6473.848131745329
2026-10-06 18:45:00,2026-10-06 18:52:00,8,5611.0,5814.388603161955,4836.547016831474,6751.206358932258
2026-10-06 18:45:00,2026-10-06 18:53:00,9,6270.0,6351.14935265469,5472.641607018924,7215.636638852431
2026-10-06 18:45:00,2026-10-06 18:54:00,10,7027.0,7149.989346475809,6199.524524165381,7999.256492687908
2026-10-06 18:46:00,2026-10-06 18:46:00,1,9125.0,9082.382299769757,8131.450639982369,9950.735933248312
2026-10-06 18:46:00,2026-10-06 18:47:00,2,7853.0,7840.499480193273,6920.011664669042,8743.910577957486
2026-10-06 18:46:00,2026-10-06 18:48:00,3,6814.0,6823.4532071090225,5910.712487552665,7764.523411078361
2026-10-06 18:46:00,2026-10-06 18:49:00,4,6046.0,6085.946608531276,5183.107130213034,6996.546343430902
2026-10-06 18:46:00,2026-10-06 18:50:00,5,5385.0,5664.869313721035,4735.532703683753,6554.447777412409
2026-10-06 18:46:00,2026-10-06 18:51:00,6,5408.0,5575.589546271452,4636.969514094609,6439.972224508529
2026-10-06 18:46:00,2026-10-06 18:52:00,7,5611.0,5811.643375872309,4900.234245212708,6724.944130283148
2026-10-06 18:46:00,2026-10-06 18:53:00,8,6270.0,6347.854602244433,5484.862390854768,7258.002595486238
2026-10-06 18:46:00,2026-10-06 18:54:00,9,7027.0,7145.879081537207,6208.403054196219,8107.568541330342
2026-10-06 18:46:00,2026-10-06 18:55:00,10,8119.0,8160.466527777307,7239.904680215319,9063.248072401202
2026-10-06 18:47:00,2026-10-06 18:47:00,1,7853.0,7845.16610812684,7030.9982771279065,8822.315508025114
2026-10-06 18:47:00,2026-10-06 18:48:00,2,6814.0,6825.149715802603,5947.884019125487,7749.894671512807
2026-10-06 18:47:00,2026-10-06 18:49:00,3,6046.0,6083.825560235511,5164.239829023222,6984.243891282247
2026-10-06 18:47:00,2026-10-06 18:50:00,4,5385.0,5659.098158751333,4745.986928913378,6581.057756033972
2026-10-06 18:47:00,2026-10-06 18:51:00,5,5408.0,5567.208148565006,4595.939690715241,6441.309578970835
2026-10-06 18:47:00,2026-10-06 18:52:00,6,5611.0,5802.146305148749,4814.436899559365,6667.957776321742
2026-10-06 18:47:00,2026-10-06 18:53:00,7,6270.0,6338.655888994184,5387.795492084014,7246.970030436738
2026-10-06 18:47:00,2026-10-06 18:54:00,8,7027.0,7137.853531434417,6269.142055405066,8063.6349992321875
2026-10-06 18:47:00,2026-10-06 18:55:00,9,8119.0,8153.725926281474,7228.983633261504,9022.698721636287
2026-10-06 18:47:00,2026-10-06 18:56:00,10,9359.0,9338.5953866081,8383.67886086823,10304.792499397183
2026-10-06 18:48:00,2026-10-06 18:48:00,1,6814.0,6827.433481922751,5872.539647752754,7744.9918686473875
2026-10-06 18:48:00,2026-10-06 18:49:00,2,6046.0,6085.670078439373,5219.693338713371,7025.857406623327
2026-10-06 18:48:00,2026-10-06 18:50:00,3,5385.0,5660.337889006648,4764.091152153526,6568.039820240898
2026-10-06 18:48:00,2026-10-06 18:51:00,4,5408.0,5567.867750928591,4581.713474626794,6525.391054097469
2026-10-06 18:48:00,2026-10-06 18:52:00,5,5611.0,5802.417793764925,4943.692735152371,6788.746906680764
2026-10-06 18:48:00,2026-10-06 18:53:00,6,6270.0,6338.821825891318,5359.4917736711495,7283.662803635974
2026-10-06 18:48:00,2026-10-06 18:54:00,7,7027.0,7138.185395861289,6157.117041972831,8030.742724724527
2026-10-06 18:48:00,2026-10-06 18:55:00,8,8119.0,8154.394735713249,7260.387926310157,9070.391479310434
2026-10-06 18:48:00,2026-10-06 18:56:00,9,9359.0,9339.62575408179,8371.15921233805,10303.444308171047
2026-10-06 18:48:00,2026-10-06 18:57:00,10,10923.0,10647.431613267185,9726.114016590278,11609.86481524727
