now,status,n_train,last_data,covers_from,covers_to,steps_ahead,yhat_max,yhat_upper_max,target,applied,pc_status,pc_allocated,actual_peak_concurrency,error
2026-10-06 17:29:00,warming_up,0,,,,,,,,,,,,
2026-10-06 17:30:00,warming_up,0,,,,,,,,,,,,
2026-10-06 17:31:00,warming_up,0,,,,,,,,,,,,
2026-10-06 17:32:00,warming_up,0,,,,,,,,,,,,
2026-10-06 17:33:00,warming_up,1,2026-10-06 17:29:00,,,,,,,,,,,
2026-10-06 17:34:00,warming_up,2,2026-10-06 17:30:00,,,,,,,,,,,
2026-10-06 17:35:00,warming_up,3,2026-10-06 17:31:00,,,,,,,,,,,
2026-10-06 17:36:00,warming_up,4,2026-10-06 17:32:00,,,,,,,,,,,
2026-10-06 17:37:00,warming_up,5,2026-10-06 17:33:00,,,,,,,,,,,
2026-10-06 17:38:00,warming_up,6,2026-10-06 17:34:00,,,,,,,,,,,
2026-10-06 17:39:00,warming_up,7,2026-10-06 17:35:00,,,,,,,,,,,
2026-10-06 17:40:00,warming_up,8,2026-10-06 17:36:00,,,,,,,,,,,
2026-10-06 17:41:00,warming_up,9,2026-10-06 17:37:00,,,,,,,,,,,
2026-10-06 17:42:00,warming_up,10,2026-10-06 17:38:00,,,,,,,,,,,
2026-10-06 17:43:00,warming_up,11,2026-10-06 17:39:00,,,,,,,,,,,
2026-10-06 17:44:00,warming_up,12,2026-10-06 17:40:00,,,,,,,,,,,
2026-10-06 17:45:00,warming_up,13,2026-10-06 17:41:00,,,,,,,,,,,
2026-10-06 17:46:00,warming_up,14,2026-10-06 17:42:00,,,,,,,,,,,
2026-10-06 17:47:00,warming_up,15,2026-10-06 17:43:00,,,,,,,,,,,
2026-10-06 17:48:00,warming_up,16,2026-10-06 17:44:00,,,,,,,,,,,
2026-10-06 17:49:00,warming_up,17,2026-10-06 17:45:00,,,,,,,,,,,
2026-10-06 17:50:00,warming_up,18,2026-10-06 17:46:00,,,,,,,,,,,
2026-10-06 17:51:00,warming_up,19,2026-10-06 17:47:00,,,,,,,,,,,
2026-10-06 17:52:00,warming_up,20,2026-10-06 17:48:00,,,,,,,,,,,
2026-10-06 17:53:00,warming_up,21,2026-10-06 17:49:00,,,,,,,,,,,
2026-10-06 17:54:00,warming_up,22,2026-10-06 17:50:00,,,,,,,,,,,
2026-10-06 17:55:00,warming_up,23,2026-10-06 17:51:00,,,,,,,,,,,
2026-10-06 17:56:00,warming_up,24,2026-10-06 17:52:00,,,,,,,,,,,
2026-10-06 17:57:00,warming_up,25,2026-10-06 17:53:00,,,,,,,,,,,
2026-10-06 17:58:00,warming_up,26,2026-10-06 17:54:00,,,,,,,,,,,
2026-10-06 17:59:00,warming_up,27,2026-10-06 17:55:00,,,,,,,,,,,
2026-10-06 18:00:00,warming_up,28,2026-10-06 17:56:00,,,,,,,,,,,
2026-10-06 18:01:00,warming_up,29,2026-10-06 17:57:00,,,,,,,,,,,
2026-10-06 18:02:00,warming_up,30,2026-10-06 17:58:00,,,,,,,,,,,
2026-10-06 18:03:00,warming_up,31,2026-10-06 17:59:00,,,,,,,,,,,
2026-10-06 18:04:00,warming_up,32,2026-10-06 18:00:00,,,,,,,,,,,
2026-10-06 18:05:00,warming_up,33,2026-10-06 18:01:00,,,,,,,,,,,
2026-10-06 18:06:00,warming_up,34,2026-10-06 18:02:00,,,,,,,,,,,
2026-10-06 18:07:00,warming_up,35,2026-10-06 18:03:00,,,,,,,,,,,
2026-10-06 18:08:00,warming_up,36,2026-10-06 18:04:00,,,,,,,,,,,
2026-10-06 18:09:00,warming_up,37,2026-10-06 18:05:00,,,,,,,,,,,
2026-10-06 18:10:00,warming_up,38,2026-10-06 18:06:00,,,,,,,,,,,
2026-10-06 18:11:00,warming_up,39,2026-10-06 18:07:00,,,,,,,,,,,
2026-10-06 18:12:00,warming_up,40,2026-10-06 18:08:00,,,,,,,,,,,
2026-10-06 18:13:00,warming_up,41,2026-10-06 18:09:00,,,,,,,,,,,
2026-10-06 18:14:00,warming_up,42,2026-10-06 18:10:00,,,,,,,,,,,
2026-10-06 18:15:00,warming_up,43,2026-10-06 18:11:00,,,,,,,,,,,
2026-10-06 18:16:00,warming_up,44,2026-10-06 18:12:00,,,,,,,,,,,
2026-10-06 18:17:00,warming_up,45,2026-10-06 18:13:00,,,,,,,,,,,
2026-10-06 18:18:00,warming_up,46,2026-10-06 18:14:00,,,,,,,,,,,
2026-10-06 18:19:00,warming_up,47,2026-10-06 18:15:00,,,,,,,,,,,
2026-10-06 18:20:00,warming_up,48,2026-10-06 18:16:00,,,,,,,,,,,
2026-10-06 18:21:00,warming_up,49,2026-10-06 18:17:00,,,,,,,,,,,
2026-10-06 18:22:00,warming_up,50,2026-10-06 18:18:00,,,,,,,,,,,
2026-10-06 18:23:00,warming_up,51,2026-10-06 18:19:00,,,,,,,,,,,
2026-10-06 18:24:00,warming_up,52,2026-10-06 18:20:00,,,,,,,,,,,
2026-10-06 18:25:00,warming_up,53,2026-10-06 18:21:00,,,,,,,,,,,
2026-10-06 18:26:00,warming_up,54,2026-10-06 18:22:00,,,,,,,,,,,
2026-10-06 18:27:00,warming_up,55,2026-10-06 18:23:00,,,,,,,,,,,
2026-10-06 18:28:00,warming_up,56,2026-10-06 18:24:00,,,,,,,,,,,
2026-10-06 18:29:00,warming_up,57,2026-10-06 18:25:00,,,,,,,,,,,
2026-10-06 18:30:00,warming_up,58,2026-10-06 18:26:00,,,,,,,,,,,
2026-10-06 18:31:00,warming_up,59,2026-10-06 18:27:00,,,,,,,,,,,
2026-10-06 18:32:00,ok,60,2026-10-06 18:28:00,2026-10-06 18:34:00,2026-10-06 18:35:00,7,19666.3,20272.1,25,,,,20,
2026-10-06 18:33:00,ok,60,2026-10-06 18:29:00,2026-10-06 18:35:00,2026-10-06 18:36:00,7,19802.5,20366.6,25,,,,21,
2026-10-06 18:34:00,ok,60,2026-10-06 18:30:00,2026-10-06 18:36:00,2026-10-06 18:37:00,7,19899.1,20525.4,25,,,,21,
2026-10-06 18:35:00,ok,60,2026-10-06 18:31:00,2026-10-06 18:37:00,2026-10-06 18:38:00,7,19632.3,20252.5,25,,,,20,
2026-10-06 18:36:00,ok,60,2026-10-06 18:32:00,2026-10-06 18:38:00,2026-10-06 18:39:00,7,18830.4,19678.2,24,,,,20,
2026-10-06 18:37:00,ok,60,2026-10-06 18:33:00,2026-10-06 18:39:00,2026-10-06 18:40:00,7,18246.0,19223.3,24,,,,20,
2026-10-06 18:38:00,ok,60,2026-10-06 18:34:00,2026-10-06 18:40:00,2026-10-06 18:41:00,7,17407.7,18317.9,23,,,,20,
2026-10-06 18:39:00,ok,60,2026-10-06 18:35:00,2026-10-06 18:41:00,2026-10-06 18:42:00,7,16389.1,17317.2,22,,,,19,
2026-10-06 18:40:00,ok,60,2026-10-06 18:36:00,2026-10-06 18:42:00,2026-10-06 18:43:00,7,15118.2,16015.4,21,,,,19,
2026-10-06 18:41:00,ok,60,2026-10-06 18:37:00,2026-10-06 18:43:00,2026-10-06 18:44:00,7,13687.7,14630.6,20,,,,16,
2026-10-06 18:42:00,ok,60,2026-10-06 18:38:00,2026-10-06 18:44:00,2026-10-06 18:45:00,7,12131.8,13129.7,18,,,,15,
2026-10-06 18:43:00,ok,60,2026-10-06 18:39:00,2026-10-06 18:45:00,2026-10-06 18:46:00,7,10566.3,11518.1,17,,,,14,
2026-10-06 18:44:00,ok,60,2026-10-06 18:40:00,2026-10-06 18:46:00,2026-10-06 18:47:00,7,9024.5,9915.6,15,,,,12,
2026-10-06 18:45:00,ok,60,2026-10-06 18:41:00,2026-10-06 18:47:00,2026-10-06 18:48:00,7,7765.8,8716.9,14,,,,10,
2026-10-06 18:46:00,ok,60,2026-10-06 18:42:00,2026-10-06 18:48:00,2026-10-06 18:49:00,7,6765.7,7699.8,13,,,,9,
2026-10-06 18:47:00,ok,60,2026-10-06 18:43:00,2026-10-06 18:49:00,2026-10-06 18:50:00,7,6082.2,6950.2,12,,,,9,
2026-10-06 18:48:00,ok,60,2026-10-06 18:44:00,2026-10-06 18:50:00,2026-10-06 18:51:00,7,5668.4,6597.4,12,,,,8,
2026-10-06 18:49:00,ok,60,2026-10-06 18:45:00,2026-10-06 18:51:00,2026-10-06 18:52:00,7,5811.6,6695.2,12,,,,8,
2026-10-06 18:50:00,ok,60,2026-10-06 18:46:00,2026-10-06 18:52:00,2026-10-06 18:53:00,7,6338.7,7252.4,13,,,,8,
2026-10-06 18:51:00,ok,60,2026-10-06 18:47:00,2026-10-06 18:53:00,2026-10-06 18:54:00,7,7138.2,8061.3,13,,,,10,
2026-10-06 18:52:00,ok,60,2026-10-06 18:48:00,2026-10-06 18:54:00,2026-10-06 18:55:00,7,8174.7,9090.7,14,,,,11,
2026-10-06 18:53:00,ok,60,2026-10-06 18:49:00,2026-10-06 18:55:00,2026-10-06 18:56:00,7,9335.1,10237.1,15,,,,13,
2026-10-06 18:54:00,ok,60,2026-10-06 18:50:00,2026-10-06 18:56:00,2026-10-06 18:57:00,7,10645.7,11601.0,17,,,,15,
2026-10-06 18:55:00,ok,60,2026-10-06 18:51:00,2026-10-06 18:57:00,2026-10-06 18:58:00,7,12036.6,12906.3,18,,,,,
2026-10-06 18:56:00,ok,60,2026-10-06 18:52:00,2026-10-06 18:58:00,2026-10-06 18:59:00,7,13454.2,14393.3,19,,,,,
2026-10-06 18:57:00,ok,60,2026-10-06 18:53:00,2026-10-06 18:59:00,2026-10-06 19:00:00,7,14867.8,15786.8,21,,,,,
